Название,Артикул,В наличии,Цена,Старая цена,Ссылка,Бренд,Модель
Jet Kid Start blue Умные детские часы,80235265,5,2310 руб,3550 руб,https://parsinger.ru/html/watch/1/1_1.html, Jet, Excidium
Фитнес- браслет BAND 6 FOREST GREEN FARA-B19 HUAWEI,80581842,15,5480 руб,8565 руб,https://parsinger.ru/html/watch/1/1_2.html, Huawei, Band 6 FRA-B19
Умные часы GT 3 MIL-B19S BLACK HUAWEI,8058184234,15,21810 руб,22565 руб,https://parsinger.ru/html/watch/1/1_3.html, Huawei, Band 6 FRA-B19
Умные часы GT 3 MIL-B19V BROWN HUAWEI,80615308,22,21810 руб,23800 руб,https://parsinger.ru/html/watch/1/1_4.html, Huawei, GT 3 MIL-B19V
Умные часы GT RUNNER-B19S BLACK HUAWEI,80616445,10,27770 руб,30170 руб,https://parsinger.ru/html/watch/1/1_5.html, Huawei, GT RUNNER-B19S
Умные часы GT RUNNER-B19A GREY HUAWEI,80616446,7,27770 руб,29000 руб,https://parsinger.ru/html/watch/1/1_6.html, Huawei, GT RUNNER-B19A
Умные часы GT 3 MIL-B19 GOLD HUAWEI,80616447,8,24230 руб,24480 руб,https://parsinger.ru/html/watch/1/1_7.html, Huawei, GT 3 MIL-B19
Умные часы WATCH 3 GALILEO-L11 STEEL HUAWEI, 80590693,18,32600 руб,32900 руб,https://parsinger.ru/html/watch/1/1_8.html, Huawei, Watch 3 Galileo-L21E
Умные часы GT 3 JPT-B19V BROWN HUAWEI,80609751,40,24230 руб,24480 руб,https://parsinger.ru/html/watch/1/1_9.html, Huawei, GT 3 JPT-B19V
Умные часы FIT ELEGANT TIA-B29 MIDNIGHT BLACK HUAWEI,80578978,32,11460 руб,11580 руб,https://parsinger.ru/html/watch/1/1_10.html, Huawei, Fit Elegant TIA-B29
Умные часы GT 2 MATTE BLACK LTN-B19 HUAWEI,80578980,17,15850 руб,16010 руб,https://parsinger.ru/html/watch/1/1_11.html, Huawei, Fit Elegant TIA-B29
Умные часы GT 2 PEBBLE BROWN LTN-B19 HUAWEI,8105728981,24,17070 руб,17250 руб,https://parsinger.ru/html/watch/1/1_12.html, Huawei, GT 2 LTN-B19V
Умные часы GT 2 PRO VID-B19 NEBULA GRAY HUAWEI,80581843,55,27770 руб,28050 руб,https://parsinger.ru/html/watch/1/1_13.html, Huawei, GT 2 Pro Vidar-B19V
Умные часы GT 2 PRO VID-B19 NIGHT BLACK HUAWEI,80581844,37,24230 руб,24480 руб,https://parsinger.ru/html/watch/1/1_14.html, Huawei, GT 2 Pro Vidar-B19S
Умные часы FIT ELEGANT TIA-B29 FROSTY WHITE HUAWEI,80578979,7,11460 руб,11580 руб,https://parsinger.ru/html/watch/1/1_15.html, Huawei, Fit Elegant TIA-B29
Умные часы FIT TIA-B09 GRAPHITE BLACK HUAWEI,80598423,21,9040 руб,9130 руб,https://parsinger.ru/html/watch/1/1_16.html, Huawei, Fit TIA-B09
Умные часы KIDS 4 PRO ASN-AL10 BLUE HUAWEI, 80605938,57,15850 руб,16850 руб,https://parsinger.ru/html/watch/1/1_17.html, Huawei, KIDS 4 PRO
Умные часы KIDS 4 PRO ASN-AL10 PINK HUAWEI,80605939,58,15850 руб,16010 руб,https://parsinger.ru/html/watch/1/1_18.html, Huawei, KIDS 4 PRO
GT 2 NIGHT BLACK DIANA-B19S HUAWEI,80605940,29,15850 руб,16010 руб,https://parsinger.ru/html/watch/1/1_19.html, Huawei, Watch GT 2 Diana-B19S
Умные часы GT 3 JPT-B19S BLACK HUAWEI,80609750,42,24230 руб,24480 руб,https://parsinger.ru/html/watch/1/1_20.html, Huawei, GT 3 JPT-B19S
Умные часы FIT TIA-B09 DISTILLED BLUE HUAWEI,80598422,21,9040 руб,9130 руб,https://parsinger.ru/html/watch/1/1_21.html, Huawei, Fit TIA-B09
Умные часы FIT TIA-B09 SAKURA PINK HUAWEI,80598424,20,9040 руб,9130 руб,https://parsinger.ru/html/watch/1/1_22.html, Huawei, Fit TIA-B09
Часы Medisana Шагомер ViFit Connect,8705336,55,4580 руб,4630 руб,https://parsinger.ru/html/watch/1/1_23.html, Medisana, ViFit Connect
Canyon - CNS-SW82BB,8025293634,20,4840 руб,4890 руб,https://parsinger.ru/html/watch/1/1_24.html, Canyon, CNS-SW82BB
Умные часы FLY BLACK G-SM16BLK GEOZON,80590694,29,3880 руб,3920 руб,https://parsinger.ru/html/watch/1/1_25.html, Geozon, G-SM16BLK
Canyon - CNS-SW81BG, 80468640,60,4510 руб,4560 руб,https://parsinger.ru/html/watch/1/1_26.html, Canyon, CNS-SW81BG
Умные часы MAGIC 2 BLACK 46MM MNS-B39 HONOR,80612714,41,11480 руб,11600 руб,https://parsinger.ru/html/watch/1/1_27.html, Honor, MNS-B39
Фитнес-браслет BAND FIT PLUS RED G-SM14RED GEOZON,80578938,26,3790 руб,3830 руб,https://parsinger.ru/html/watch/1/1_28.html, Geozon, G-SM14RED
Фитнес-браслет Mi Smart Band 6,80574754,26,4700 руб,5700 руб,https://parsinger.ru/html/watch/1/1_29.html, Xiaomi, G-SM14RED
"Смарт-часы Jet Kid Pinkie Pie 40мм 1.44"" TFT розовый",80350904,7,5140 руб,5190 руб,https://parsinger.ru/html/watch/1/1_30.html, Jet, Kid Pinkie Pie 40мм
"Смарт-часы Jet Sport SW-4C 1.54"" IPS серебристый (SW-4C SILVER)",80397648,17,4600 руб,4640 руб,https://parsinger.ru/html/watch/1/1_31.html, Jet, SW-4C
"Смарт-часы Jet Kid Optimus Prime 45мм 1.44"" TFT синий/красный",80350906,12,6050 руб,6110 руб,https://parsinger.ru/html/watch/1/1_32.html, Jet, Kid Optimus Prime 45мм
teXet TM-519R черный-красный Мобильный телефон,80397881,31,2490 руб,2520 руб,https://parsinger.ru/html/mobile/2/2_1.html, Texet, TM-519R
Мобильный телефон Fly Ezzy 3 белый,8579276,20,1070 руб,1080 руб,https://parsinger.ru/html/mobile/2/2_2.html, Fly, Ezzy 3
Телефон Nokia 150 DS TA-1235 (2020) Cyan,80548138,17,3130 руб,3160 руб,https://parsinger.ru/html/mobile/2/2_3.html, NOKIA, Ezzy 3
Мобильный телефон BQ 2430 Tank Power серебристый камуфляж,80350335,7,1920 руб,1940 руб,https://parsinger.ru/html/mobile/2/2_4.html, BQ, 2430 Tank Power
Мобильный телефон NOKIA 130 Dual Sim 2017 черный (A00028615),8694521,37,1550 руб,1820 руб,https://parsinger.ru/html/mobile/2/2_5.html, NOKIA, 130 Dual Sim 2017
Мобильный телефон Texet TM-B217 черный красный,80040225,5,1830 руб,1870 руб,https://parsinger.ru/html/mobile/2/2_6.html, Texet, TM-B217
NOKIA TA-1253,80548137,15,2020 руб,2220 руб,https://parsinger.ru/html/mobile/2/2_7.html, NOKIA, TA-1253
Мобильный телефон Texet 130-TM черный красный,80412207,60,1160 руб,1460 руб,https://parsinger.ru/html/mobile/2/2_8.html, Texet, 130-TM
Мобильный телефон NOKIA 105 SS TA-1203 синий, 80365450,30,1550 руб,1920 руб,https://parsinger.ru/html/mobile/2/2_9.html, NOKIA, 105 SS TA-1203
Мобильный телефон NOKIA 105 DS розовый, 80350339,30,1460 руб,1860 руб,https://parsinger.ru/html/mobile/2/2_10.html, NOKIA, 105 DS
TEXET TM-408 мобильный телефон цвет синий, 80594622,13,2740 руб,2940 руб,https://parsinger.ru/html/mobile/2/2_11.html, Texet, TM-408
Телефон NOKIA 105 Dual sim (2019) черный (16KIGB01A01), 8025946222,3,1740 руб,1940 руб,https://parsinger.ru/html/mobile/2/2_12.html, NOKIA, 105 Dual sim (2019)
Мобильный телефон Texet TM-204 красный, 80040222,7,1840 руб,1860 руб,https://parsinger.ru/html/mobile/2/2_13.html, Texet, TM-204
Телефон NOKIA 3310 Dual темно-синий, 80035628,77,3350 руб,3950 руб,https://parsinger.ru/html/mobile/2/2_14.html, NOKIA, 3310 Dual
Телефон NOKIA 3310 Dual жёлтый, 80035625,55,4910 руб,4950 руб,https://parsinger.ru/html/mobile/2/2_15.html, NOKIA, 3310 Dual
Мобильный телефон Texet 130-TM черный, 80246442,77,1130 руб,1530 руб,https://parsinger.ru/html/mobile/2/2_16.html, Texet, 130-TM
Мобильный телефон NOKIA 106 DS TA-1114 серый, 80246442,27,1720 руб,1590 руб,https://parsinger.ru/html/mobile/2/2_17.html, NOKIA, 106 DS TA-1114
Мобильный телефон Texet TM-513R черный оранжевый, 8813339,10,3630 руб,3730 руб,https://parsinger.ru/html/mobile/2/2_18.html, Texet, TM-513R
teXet TM-B226 черный-красный Мобильный телефон, 80140986,11,2690 руб,2920 руб,https://parsinger.ru/html/mobile/2/2_19.html, Texet, TM-B226
Мобильный телефон NOKIA 105 DS Blue синий,  80350338,8,1460 руб,1920 руб,https://parsinger.ru/html/mobile/2/2_20.html, NOKIA, 105 DS Blue
Мобильный телефон NOKIA 230 Dual Sim серый черный,   8843087,38,4320 руб,4520 руб,https://parsinger.ru/html/mobile/2/2_21.html, NOKIA, 230 Dual Sim
Мобильный телефон Alcatel 1066D белый,  80185430,25,2620 руб,2860 руб,https://parsinger.ru/html/mobile/2/2_22.html, Alcatel, 1066D
Мобильный телефон Philips Xenium E172 черный,  80587797,5,2700 руб,3000 руб,https://parsinger.ru/html/mobile/2/2_23.html, Philips, Xenium E172
Мобильный телефон Alcatel 3025X серый,  8035877917,35,6600 руб,6900 руб,https://parsinger.ru/html/mobile/2/2_24.html, Alcatel, 3025X
Мобильный телефон Philips Xenium E255 черный CTE255BK/00,80310838,19,3480 руб,3880 руб,https://parsinger.ru/html/mobile/2/2_25.html, Philips, Xenium E255
Мобильный телефон Texet TM-D429 антрацит,80365448,12,1930 руб,2130 руб,https://parsinger.ru/html/mobile/2/2_26.html, Texet, Xenium E255
Телефон Alcatel 2019G серый,80328164,32,4660 руб,5660 руб,https://parsinger.ru/html/mobile/2/2_27.html, Alcatel, 2019G
Мобильный телефон Alcatel OT-3025X серебристый,80213684,32,6600 руб,7160 руб,https://parsinger.ru/html/mobile/2/2_28.html, Alcatel, OT-3025X
Мобильный телефон Digma Linx A230WT 2G черный 2.31” Bluetooth,80220467,42,4100 руб,4660 руб,https://parsinger.ru/html/mobile/2/2_29.html, Digma, Linx A230WT 2G
Fly Ezzy Trendy 1,80365445,14,2030 руб,2410 руб,https://parsinger.ru/html/mobile/2/2_30.html, Fly, Linx A230WT 2G
Fly S240 Dark Grey,80388618,24,1600 руб,1990 руб,https://parsinger.ru/html/mobile/2/2_31.html, Fly, S240
Телефон NOKIA 3310 Dual серый,80035627,2,6510 руб,7010 руб,https://parsinger.ru/html/mobile/2/2_32.html, NOKIA, 3310 Dual
Проводная игровая мышь Vampire RGB,80563851,140,1610 руб,1710 руб,https://parsinger.ru/html/mouse/3/3_1.html, Defender, Vampire RGB
Defender Halo Z GM-430L,80244227,87,550 руб,1550 руб,https://parsinger.ru/html/mouse/3/3_2.html, Defender, Halo Z GM-430L
Мышь беспроводная Defender Shark 2 чёрный USB,80530370,65,1480 руб,1980 руб,https://parsinger.ru/html/mouse/3/3_3.html, Defender, Shark 2
Мышь проводная Defender sTarx GM-390L чёрный USB,80244229,55,730 руб,1230 руб,https://parsinger.ru/html/mouse/3/3_4.html, Defender, sTarx GM-390L
Defender Skull GM-180L чёрный USB,80039351,55,485 руб,985 руб,https://parsinger.ru/html/mouse/3/3_5.html, Defender, Skull GM-180L
Мышь проводная Defender Killer GM-170L чёрный USB 52170,80039353,15,550 руб,1550 руб,https://parsinger.ru/html/mouse/3/3_6.html, Defender, Killer GM-170L
Мышь проводная Defender Ghost GM-190L чёрный USB 52190,80039354,25,600 руб,1250 руб,https://parsinger.ru/html/mouse/3/3_7.html, Defender, Ghost GM-190L
Мышь проводная Defender Witcher GM-990 чёрный USB,80369131,25,730 руб,930 руб,https://parsinger.ru/html/mouse/3/3_8.html, Defender, Witcher GM-990
Logitech G305 LIGHTSPEED Wireless Gaming Mouse,80553232,25,8920 руб,10920 руб,https://parsinger.ru/html/mouse/3/3_9.html, Logitech, G305 LIGHTSPEED Wireless Gaming Mouse - LILAC
Logitech G102 LIGHTSYNC Gaming LILAC,80554448,25,4350 руб,5350 руб,https://parsinger.ru/html/mouse/3/3_10.html, Logitech, G102 LIGHTSYNC Gaming LILAC
Мышь Logitech G PRO HERO Black USB проводная,80247044,55,5100 руб,5900 руб,https://parsinger.ru/html/mouse/3/3_11.html, Logitech, G PRO HERO
Logitech G402 Hyperion Fury,8675403,27,4400 руб,5000 руб,https://parsinger.ru/html/mouse/3/3_12.html, Logitech, G PRO HERO
Мышь беспроводная STM 109CW чёрный USB,86275403,127,455 руб,500 руб,https://parsinger.ru/html/mouse/3/3_13.html, STM, 109CW
Мышь проводная Defender MB-986 чёрный USB,80603934,550,270 руб,400 руб,https://parsinger.ru/html/mouse/3/3_14.html, Defender, MB-986
Мышь проводная Gembird MG-520 чёрный USB,80216417,150,720 руб,850 руб,https://parsinger.ru/html/mouse/3/3_15.html, Gembird, MG-520
Мышь проводная CBR CM 846 Armor чёрный USB,80606384,99,790 руб,999 руб,https://parsinger.ru/html/mouse/3/3_16.html, CBR, CM 846 Armor
Мышь проводная Гарнизон GM-720G чёрный USB,80166285,81,600 руб,860 руб,https://parsinger.ru/html/mouse/3/3_17.html, CBR, GM-720G
Мышь проводная Гарнизон GM-700G чёрный USB,80148902,21,425 руб,560 руб,https://parsinger.ru/html/mouse/3/3_18.html, Гарнизон, GM-700G
Мышь проводная Гарнизон GM-760G чёрный USB,80148901,61,610 руб,960 руб,https://parsinger.ru/html/mouse/3/3_19.html, Гарнизон, GM-760G
Мышь проводная Гарнизон GM-730G чёрный USB,80148484,41,580 руб,840 руб,https://parsinger.ru/html/mouse/3/3_20.html, Гарнизон, GM-730G
Мышь проводная Гарнизон GM-620G чёрный USB,80148483,121,385 руб,500 руб,https://parsinger.ru/html/mouse/3/3_21.html, Гарнизон, GM-620G
Мышь проводная A4TECH Bloody Q51 чёрный USB,80090478,91,1320 руб,1500 руб,https://parsinger.ru/html/mouse/3/3_22.html, A4TECH, Bloody Q51
MGK-03U Dialog Gan-Kata - игровая,80234480,50,260 руб,420 руб,https://parsinger.ru/html/mouse/3/3_23.html, Dialog, MGK-03U Gan-Kata
Defender Flash MB-600L,80244813,160,245 руб,400 руб,https://parsinger.ru/html/mouse/3/3_24.html, Defender, Flash MB-600L
Gembird MG-550,80244813,60,830 руб,1000 руб,https://parsinger.ru/html/mouse/3/3_25.html, Gembird, MG-550
Lenovo Legion M200 RGB Gaming Mouse,80538807,36,1460 руб,1620 руб,https://parsinger.ru/html/mouse/3/3_26.html, Lenovo, Legion M200
Sven RX-G750 чёрный USB,80558868,86,1590 руб,1620 руб,https://parsinger.ru/html/mouse/3/3_27.html, Sven, RX-G750
Wired Gaming Mouse ,80529373,54,960 руб,1220 руб,https://parsinger.ru/html/mouse/3/3_28.html, Canyon, -
MSI Clutch GM08 ,80563231,94,1690 руб,2220 руб,https://parsinger.ru/html/mouse/3/3_29.html, MSI, Clutch GM08
Gembird MG-760 ,80564137,57,640 руб,1220 руб,https://parsinger.ru/html/mouse/3/3_30.html, Gembird, MG-760
MGK-11U Dialog Gan-Kata ,80564156,27,435 руб,690 руб,https://parsinger.ru/html/mouse/3/3_31.html, Dialog, MGK-11U
Logitech G102 LIGHTSYNC ,80413190,127,2180 руб,2890 руб,https://parsinger.ru/html/mouse/3/3_32.html, Logitech, G102 LIGHTSYNC
Жесткий диск 3.5 2 Tb 5900 rpmrpm 64 MbMb cache Seagate ST2000VX008 SATA III 6 Gb/s ,8958218,37,12240 руб,15240 руб,https://parsinger.ru/html/hdd/4/4_1.html, Seagate, G102 LIGHTSYNC
Жесткий диск 3.5 500 Gb 7200rpm 64Mb cache Toshiba HDWD105UZSVA  ,8818642,37,6200 руб,7200 руб,https://parsinger.ru/html/hdd/4/4_2.html, Toshiba, HDWD105UZSVA
Жесткий диск 3.5 500Gb 7200rpm HP SATAIII QK554AA  ,8628555,17,14360 руб,15560 руб,https://parsinger.ru/html/hdd/4/4_3.html, HP, QK554AA
Жесткий диск Seagate Original SATA-III 2Tb ST2000NM000A Exos 7E8 (7200rpm) 256Mb 3.5  ,80562356,37,18690 руб,19690 руб,https://parsinger.ru/html/hdd/4/4_4.html, Seagate, ST2000NM000A
Жесткий диск 3.5 2 Tb 7200 rpmrpm 128 MbMb cache HGST Ultrastar 7K2 SATA III 6 Gb/s 1W10002  ,8945373,57,25430 руб,27350 руб,https://parsinger.ru/html/hdd/4/4_5.html, HGST, Ultrastar 7K2
Жесткий диск 3.5 1 Tb 7200 rpmrpm 64 MbMb cache Seagate ST1000DM010 SATA III 6 Gb/s,8957757,61,7180 руб,8180 руб,https://parsinger.ru/html/hdd/4/4_6.html, Seagate, ST1000DM010
Жесткий диск 3.5 4 Tb 5400 rpmrpm 128 MbMb cache Toshiba S300 Surveillance SATA III 6 Gb/s,89573757,42,10710 руб,11180 руб,https://parsinger.ru/html/hdd/4/4_7.html, Toshiba, S300 Surveillance
Жесткий диск 3.5 2 Tb 7200rpm 128Mb cache Toshiba MG04SCA20EE SAS,8988540,32,11010 руб,12620 руб,https://parsinger.ru/html/hdd/4/4_8.html, Toshiba, MG04SCA20EE
Жесткий диск 3.5 3 Tb 7200rpm 64Mb cache Toshiba HDWD130UZSVA SATA III 6 Gb/s,8822188,132,11600 руб,12480 руб,https://parsinger.ru/html/hdd/4/4_9.html, Toshiba, HDWD130UZSVA
HDD Toshiba X300 SATA3 6Tb 3.57200 256Mb (analog HDWR160UZSVA),80585205,14,20820 руб,21870 руб,https://parsinger.ru/html/hdd/4/4_10.html, Toshiba, -
Жесткий диск 3.5 4 Tb 7200 rpmrpm 256 MbMb cache Seagate ST4000NM002A SATA III 6 Gb/s,80387011,9,20460 руб,22390 руб,https://parsinger.ru/html/hdd/4/4_11.html, Seagate, ST4000NM002A
Жесткий диск 3.5 6 Tb 5400 rpmrpm 256 MbMb cache Seagate Skyhawk ST6000VX001 SATA III 6 Gb/s,80185134,19,21590 руб,22520 руб,https://parsinger.ru/html/hdd/4/4_12.html, Seagate, Skyhawk ST6000VX001
Жесткий диск 3.5 4 Tb 5400 rpmrpm 256 MbMb cache Seagate Barracuda SATA III 6 Gb/s ST4000DM004,80014276,39,13330 руб,14250 руб,https://parsinger.ru/html/hdd/4/4_13.html, Seagate, Barracuda
Жесткий диск Toshiba SATA-III 6Tb HDWR160UZSVA X300 (7200rpm) 256Mb 3.5,80575673,19,20810 руб,21810 руб,https://parsinger.ru/html/hdd/4/4_14.html, Toshiba, HDWR160UZSVA
Жесткий диск 3.52 Tb 5900rpm 64Mb cache Seagate IronWolf SATA III 6 Gb/s ST2000VN004,8958216,15,13120 руб,14510 руб,https://parsinger.ru/html/hdd/4/4_15.html, Seagate, IronWolf
Жесткий диск Toshiba SATA-III 6Tb HDWT860UZSVA Surveillance S300 (5400rpm) 256Mb 3.5,80577948,25,16480 руб,17160 руб,https://parsinger.ru/html/hdd/4/4_16.html, Seagate, HDWT860UZSVA
Жесткий диск 3.5 16 Tb 7200 rpmrpm 256 MbMb cache Seagate ST16000NM001G SATA III 6 Gb/s,80395596,125,70200 руб,72200 руб,https://parsinger.ru/html/hdd/4/4_17.html, Seagate, ST16000NM001G
Жесткий диск 3.5 2 Tb 5400 rpmrpm 128 MbMb cache Toshiba HDWD220UZSVA SATA III 6 Gb/s,80544434,12,8170 руб,8830 руб,https://parsinger.ru/html/hdd/4/4_18.html, Toshiba, HDWD220UZSVA
Жесткий диск 3.5 6 Tb 7200rpm 128Mb cache Toshiba X300 SATA III 6 Gb/s (HDWR160EZSTA),80540551,22,21310 руб,22310 руб,https://parsinger.ru/html/hdd/4/4_19.html, Toshiba, X300
Жесткий диск 3.5 3 Tbrpm 256 MbMb cache Seagate Barracuda ST3000DM007 SATA III 6 Gb/s,80062968,17,9050 руб,9950 руб,https://parsinger.ru/html/hdd/4/4_20.html, Seagate, Barracuda ST3000DM007
Жесткий диск 3.5 6 Tb 7200rpm 128Mb cache Toshiba SATAIII HDWE160UZSVA,8983665,45,16020 руб,17020 руб,https://parsinger.ru/html/hdd/4/4_21.html, Toshiba, HDWE160UZSVA
Жесткий диск 3.5 8 Tb 7200 rpmrpm 256 MbMb cache Toshiba HDWR480EZSTA SATA III 6 Gb/s,80590182,5,25460 руб,26460 руб,https://parsinger.ru/html/hdd/4/4_22.html, Toshiba, HDWR480EZSTA
Жесткий диск 3.5 2 Tb 5400rpm 256Mb cache Western Digital WD20EFAX SATA III 6 Gb/s,80333485,55,14590 руб,15590 руб,https://parsinger.ru/html/hdd/4/4_23.html, Western Digital, HDWR480EZSTA
Жесткий диск 3.5 6 Tb 7200rpm 256Mb cache Toshiba Surveillance S300 HDWT360UZSVA SATA III 6 Gb/s,80212816,25,16780 руб,17780 руб,https://parsinger.ru/html/hdd/4/4_24.html, Toshiba, Surveillance S300 HDWT360UZSVA
Жесткий диск 3.5 500 Gb 7200 rpmrpm 32 MbMb cache Seagate 3.5 SATA III 6 Gb/s ST500DM009,8926331,29,6540 руб,7740 руб,https://parsinger.ru/html/hdd/4/4_25.html, Seagate, -
Жесткий диск 3.5 2 Tb 7200 rpmrpm 256 MbMb cache Western Digital WD20EZBX SATA III 6 Gb/s,80571771,69,7670 руб,8360 руб,https://parsinger.ru/html/hdd/4/4_26.html, Western Digital, WD20EZBX
Жесткий диск 3.5 2 Tb 7200 rpmrpm 256 MbMb cache Seagate Barracuda ST2000DM008 SATA III 6 Gb/s,80185132,19,7110 руб,7910 руб,https://parsinger.ru/html/hdd/4/4_27.html, Seagate, Barracuda ST2000DM008
Жесткий диск 3.5 6 Tb 7200 rpmrpm 256 MbMb cache Toshiba MG06ACA600E SATA III 6 Gb/s,80348865,37,19650 руб,20650 руб,https://parsinger.ru/html/hdd/4/4_28.html, Toshiba, Barracuda ST2000DM008
3.5 Жесткий диск 500Gb Western Digital Caviar Black (WD5003AZEX) SATA III,8042420,27,7910 руб,8970 руб,https://parsinger.ru/html/hdd/4/4_29.html, Western Digital, Caviar Black WD5003AZEX
3.5 Жесткий диск 1Tb Western Digital Caviar Red (WD10EFRX) SATA III,8042257,18,8540 руб,9540 руб,https://parsinger.ru/html/hdd/4/4_30.html, Western Digital, Caviar Black WD5003AZEX
Жесткий диск Toshiba SATA-III 4Tb HDWD240EZSTA,80564371,38,11990 руб,12470 руб,https://parsinger.ru/html/hdd/4/4_31.html, Toshiba, HDWD240EZSTA
Жесткий диск 3.5 2 Tb 7200 rpmrpm 64 MbMb cache Western Digital WD2003FZEX,8406493,138,25040 руб,27040 руб,https://parsinger.ru/html/hdd/4/4_32.html, Western Digital, WD2003FZEX
Defender Warhead G-160 ,80333758,17,620 руб,910 руб,https://parsinger.ru/html/headphones/5/5_1.html, Defender, Warhead G-160
"Apex Pro объемный звук 7.1, кабель 1.8м DEFENDER ",80564563,97,1310 руб,1910 руб,https://parsinger.ru/html/headphones/5/5_2.html, Defender, Apex Pro
Игровая гарнитура проводная Crown CMGH-2000,80327367,21,1500 руб,2060 руб,https://parsinger.ru/html/headphones/5/5_3.html, Defender, CMGH-2000
Sven AP-G333MV,80566401,41,870 руб,1150 руб,https://parsinger.ru/html/headphones/5/5_4.html, Sven, AP-G333MV
Игровая гарнитура проводная Sven AP-G300MV,80566400,57,1030 руб,1390 руб,https://parsinger.ru/html/headphones/5/5_5.html, Sven, AP-G300MV
Игровая гарнитура проводная Defender Warhead G-320,80313127,11,670 руб,990 руб,https://parsinger.ru/html/headphones/5/5_6.html, Defender, Warhead G-320
Игровая гарнитура проводная Defender Warhead G-320,80313126,81,700 руб,950 руб,https://parsinger.ru/html/headphones/5/5_7.html, Defender, Warhead G-320
Defender Tanto 64451,803131426,33,590 руб,960 руб,https://parsinger.ru/html/headphones/5/5_8.html, Defender, Tanto
Игровая гарнитура проводная Sven AP-U989MV,80291506,43,3770 руб,4120 руб,https://parsinger.ru/html/headphones/5/5_9.html, Sven, AP-U989MV
Игровая гарнитура проводная Harper Gaming Raster GHS-X15,80291489,47,2440 руб,3040 руб,https://parsinger.ru/html/headphones/5/5_10.html, Harper, Gaming Raster GHS-X15
Гарнитура Defender Scylla,80266028,16,1410 руб,2120 руб,https://parsinger.ru/html/headphones/5/5_11.html, Defender, Scylla
Игровая гарнитура проводная Logitech G332,80257697,26,5150 руб,5720 руб,https://parsinger.ru/html/headphones/5/5_12.html, Logitech, G332
Perfeo STRIKE,80247329,46,900 руб,1120 руб,https://parsinger.ru/html/headphones/5/5_13.html, Perfeo, STRIKE
Гарнитура Defender Lagopasmutus,80247082,57,1560 руб,2120 руб,https://parsinger.ru/html/headphones/5/5_14.html, Perfeo, Lagopasmutus 2
Игровая гарнитура проводная Harper GHS-R100,802471082,7,1300 руб,1620 руб,https://parsinger.ru/html/headphones/5/5_15.html, Harper, GHS-R100 2
Defender Memecoleous,80244710,71,2520 руб,2910 руб,https://parsinger.ru/html/headphones/5/5_16.html, Defender, Memecoleous
Гарнитура Defender TUNE 130,80602579,11,750 руб,1310 руб,https://parsinger.ru/html/headphones/5/5_17.html, Defender, TUNE 130
Игровая гарнитура проводная Sven AP-U880MV,80231237,1,2210 руб,2500 руб,https://parsinger.ru/html/headphones/5/5_18.html, Sven, AP-U880MV
Игровая гарнитура проводная Dialog HGK-20L Gan-Kata,80148581,15,1120 руб,1500 руб,https://parsinger.ru/html/headphones/5/5_19.html, Dialog, HGK-20L Gan-Kata
Logitech G333,802148581,11,5330 руб,5780 руб,https://parsinger.ru/html/headphones/5/5_20.html, Logitech, G333
Sven AP-U990MV Black-Red,80321860,31,3360 руб,3780 руб,https://parsinger.ru/html/headphones/5/5_21.html, Sven, AP-U990MV
Игровая гарнитура проводная Crown CMGH-3100,80327364,28,3110 руб,3290 руб,https://parsinger.ru/html/headphones/5/5_22.html, Crown, CMGH-3100
Гарнитура Redragon Triton,80365321,38,4740 руб,5050 руб,https://parsinger.ru/html/headphones/5/5_23.html, Defender, Triton
Наушники Ritmix RH-540M,80604527,30,830 руб,1200 руб,https://parsinger.ru/html/headphones/5/5_24.html, Ritmix, RH-540M
Гарнитура Redragon Minos,80604527,10,2210 руб,3200 руб,https://parsinger.ru/html/headphones/5/5_25.html, Defender, Minos
ИГРОВАЯ USB-ГАРНИТУРА С ТЕХНОЛОГИЕЙ ОБЪЕМНОГО ЗВУЧАНИЯ HARRIER 360,806045227,9,4220 руб,5000 руб,https://parsinger.ru/html/headphones/5/5_26.html, Verbatim, Harrier 360
Игровая гарнитура проводная Razer Kraken X Lite,80372864,49,5030 руб,6100 руб,https://parsinger.ru/html/headphones/5/5_27.html, Razer, Kraken X Lite
Гарнитура Defender Lester,80380105,20,1620 руб,1900 руб,https://parsinger.ru/html/headphones/5/5_28.html, Defender, Lester
Гарнитура Defender Excidium,80378919,18,1030 руб,1800 руб,https://parsinger.ru/html/headphones/5/5_29.html, Defender, Excidium
Игровая гарнитура проводная Sven AP-G857MV,80601248,18,1660 руб,2000 руб,https://parsinger.ru/html/headphones/5/5_30.html, Sven, AP-G857MV
Perfeo игровая гарнитура ACTION,80572569,8,950 руб,910 руб,https://parsinger.ru/html/headphones/5/5_31.html, Perfeo, -
Наушники HP Pavilion Gaming 600,80387567,38,4480 руб,5910 руб,https://parsinger.ru/html/headphones/5/5_32.html, HP, Pavilion Gaming 600
